id,nom,prenom,email,telephone
1,John,Doe,john.doe@example.com,+123456789
2,Jane,Smith,jane.smith@example.com,+987654321
3,Michael,Brown,michael.brown@example.com,+112233445
4,Laura,Johnson,laura.johnson@example.com,+556677889
5,Robert,Williams,robert.williams@example.com,+667788990
6,Sophia,Martinez,sophia.martinez@example.com,+554433221
7,David,Kim,david.kim@example.com,+998877665
8,Emily,Clark,emily.clark@example.com,+112244668
9,Liam,Wong,liam.wong@example.com,+113355779
10,Isabella,Rossi,isabella.rossi@example.com,+994455663
11,Carlos,Sanchez,carlos.sanchez@example.com,+998877664
12,Aiko,Sato,aiko.sato@example.com,+122334455
13,Maria,Gonzalez,maria.gonzalez@example.com,+556677889
14,Ahmed,Ali,ahmed.ali@example.com,+332211445
15,Oliver,Wilson,oliver.wilson@example.com,+445566778
16,Hannah,Lee,hannah.lee@example.com,+223344556
17,Lucas,Schneider,lucas.schneider@example.com,+334455667
18,Chloe,Miller,chloe.miller@example.com,+778899001
19,Noah,Andersen,noah.andersen@example.com,+665544332
20,Emma,Garcia,emma.garcia@example.com,+554466889
21,Oscar,Nguyen,oscar.nguyen@example.com,+334455667
22,Mia,Larsson,mia.larsson@example.com,+990077334
23,Ethan,Davies,ethan.davies@example.com,+221133998
24,Ava,Patel,ava.patel@example.com,+998833112
25,James,Taylor,james.taylor@example.com,+554488772
26,Olivia,Hernandez,olivia.hernandez@example.com,+771122334
27,Liam,Moreau,liam.moreau@example.com,+998877332
28,Zoe,Ramirez,zoe.ramirez@example.com,+443322119
29,Eleanor,Cooper,eleanor.cooper@example.com,+667799554
30,Jack,White,jack.white@example.com,+554422113
